<?xml version="1.0" encoding="utf-8"?>
<!DOCTYPE install PUBLIC "-//Joomla! 2.5//DTD template 1.0//EN" "http://www.joomla.org/xml/dtd/1.6/template-install.dtd">
<extension version="2.5" type="template" client="site">
	<name>Casamento</name>
	<creationDate>27/08/12</creationDate>
	<author>João Carlos</author>
	<authorEmail>joaocarlos@ecomp.uefs.br</authorEmail>
	<authorUrl>http://www.claudiaejoao.com</authorUrl>
	<copyright>Copyright (C) 2005 - 2012 Open Source Matters, Inc. All rights reserved.</copyright>
	<license>GNU General Public License version 2 or later; see LICENSE.txt</license>
	<version>2.5.4</version>
	<description>TPL_CLAUDIAEJOAO_XML_DESCRIPTION</description>
	<files>
		<folder>html</folder>
		<folder>css</folder>
		<folder>images</folder>
		<folder>language</folder>
		<folder>js</folder>
		<filename>index.php</filename>
		<filename>index.html</filename>
		<filename>favicon.ico</filename>
		<filename>templateDetails.xml</filename>
		<filename>template_preview.png</filename>
		<filename>template_thumbnail.png</filename>
		<filename>component.php</filename>
		<filename>error.php</filename>
	</files>

	<positions>
		<position>claudiaejoao-bottomquote</position>
		<position>claudiaejoao-menu</position>
		<position>claudiaejoao-topquote</position>
	</positions>

	<!-- 	For core templates, we also install/uninstall the language files in the core language folders.
	-->
	<languages folder="language">
		<language tag="en-GB">en-GB/en-GB.tpl_claudiaejoao.ini</language>
		<language tag="en-GB">en-GB/en-GB.tpl_claudiaejoao.sys.ini</language>
	</languages>

</extension>
